Name,Orbit Height (km),Repeat Cycle (days),Launched in,Out of service since (years),Organisation,Company,Country,Type of Orbit,Path1
"

                            ADEOS
                        
",797,41,1996,1997,JAXA - Japan,JAXA,Japan,LEO,1
"

                            ADEOS
                        
",797,41,1996,1997,JAXA - Japan,JAXA,Japan,LEO,361
"

                            ADEOS-II
                        
",803,4,2002,2003,JAXA - Japan,JAXA,Japan,LEO,1
"

                            ADEOS-II
                        
",803,4,2002,2003,JAXA - Japan,JAXA,Japan,LEO,361
"

                            Aeolus
                        
",320,7,2018,,ESA,ESA,N/A,LEO,1
"

                            Aeolus
                        
",320,7,2018,,ESA,ESA,N/A,LEO,361
"

                            ALMAZ-1
                        
",370,,1991,1992,NPO - Mashinostroyeniya,NPO,Mashinostroyeniya,LEO,1
"

                            ALMAZ-1
                        
",370,,1991,1992,NPO - Mashinostroyeniya,NPO,Mashinostroyeniya,LEO,361
"

                            ALOS
                        
",702,46,2006,2011,JAXA - Japan,JAXA,Japan,LEO,1
"

                            ALOS
                        
",702,46,2006,2011,JAXA - Japan,JAXA,Japan,LEO,361
"

                            ALOS-2
                        
",628,14,2014,,JAXA - Japan,JAXA,Japan,LEO,1
"

                            ALOS-2
                        
",628,14,2014,,JAXA - Japan,JAXA,Japan,LEO,361
"

                            ALOS-3
                        
",669,35,2022,,JAXA - Japan,JAXA,Japan,LEO,1
"

                            ALOS-3
                        
",669,35,2022,,JAXA - Japan,JAXA,Japan,LEO,361
"

                            ALOS-4
                        
",628,14,2022,,JAXA - Japan,JAXA,Japan,LEO,1
"

                            ALOS-4
                        
",628,14,2022,,JAXA - Japan,JAXA,Japan,LEO,361
"

                            AlSat-1
                        
",686,4,2002,2010,ASAL - Algeria,ASAL,Algeria,LEO,1
"

                            AlSat-1
                        
",686,4,2002,2010,ASAL - Algeria,ASAL,Algeria,LEO,361
"

                            AlSat-1B
                        
",680,7,2016,,ASAL - Algeria,ASAL,Algeria,LEO,1
"

                            AlSat-1B
                        
",680,7,2016,,ASAL - Algeria,ASAL,Algeria,LEO,361
"

                            AlSat-2A
                        
",686,,2010,,ASAL - Algeria,ASAL,Algeria,LEO,1
"

                            AlSat-2A
                        
",686,,2010,,ASAL - Algeria,ASAL,Algeria,LEO,361
"

                            AlSat-2B
                        
",670,,2016,,ASAL - Algeria,ASAL,Algeria,LEO,1
"

                            AlSat-2B
                        
",670,,2016,,ASAL - Algeria,ASAL,Algeria,LEO,361
"

                            Aqua
                        
",705,,2002,,NASA - USA,NASA,USA,LEO,1
"

                            Aqua
                        
",705,,2002,,NASA - USA,NASA,USA,LEO,361
"

                            ASNARO-1
                        
",504,,2014,,J-spacesystems - Japan,J-spacesystems,Japan,LEO,1
"

                            ASNARO-1
                        
",504,,2014,,J-spacesystems - Japan,J-spacesystems,Japan,LEO,361
"

                            ASNARO-2
                        
",504,,2018,,J-spacesystems - Japan,J-spacesystems,Japan,LEO,1
"

                            ASNARO-2
                        
",504,,2018,,J-spacesystems - Japan,J-spacesystems,Japan,LEO,361
"

                            AURA
                        
",705,16,2004,,NASA - USA,NASA,USA,LEO,1
"

                            AURA
                        
",705,16,2004,,NASA - USA,NASA,USA,LEO,361
"

                            BEIJING-1
                        
",686,,2005,2013,NRSCC - China,NRSCC,China,LEO,1
"

                            BEIJING-1
                        
",686,,2005,2013,NRSCC - China,NRSCC,China,LEO,361
"

                            BILSAT
                        
",686,,2003,2006,TUBITAK UZAY/STRI- Turkey,TUBITAK UZAY/STRI,Turkey,LEO,1
"

                            BILSAT
                        
",686,,2003,2006,TUBITAK UZAY/STRI- Turkey,TUBITAK UZAY/STRI,Turkey,LEO,361
"

                            BIOMASS
                        
",660,26,2023,,ESA,ESA,N/A,LEO,1
"

                            BIOMASS
                        
",660,26,2023,,ESA,ESA,N/A,LEO,361
"

                            BIRD
                        
",572,,2001,2006,DLR - Germany,DLR,Germany,LEO,1
"

                            BIRD
                        
",572,,2001,2006,DLR - Germany,DLR,Germany,LEO,361
"

                            BlackSky Global 1
                        
",500,,2018,,BlackSky - USA,BlackSky,USA,LEO,1
"

                            BlackSky Global 1
                        
",500,,2018,,BlackSky - USA,BlackSky,USA,LEO,361
"

                            BlackSky Global 2
                        
",500,,2018,,BlackSky - USA,BlackSky,USA,LEO,1
"

                            BlackSky Global 2
                        
",500,,2018,,BlackSky - USA,BlackSky,USA,LEO,361
"

                            BlackSky Global 3
                        
",500,,2019,,BlackSky - USA,BlackSky,USA,LEO,1
"

                            BlackSky Global 3
                        
",500,,2019,,BlackSky - USA,BlackSky,USA,LEO,361
"

                            BlackSky Global 4
                        
",500,,2019,,BlackSky - USA,BlackSky,USA,LEO,1
"

                            BlackSky Global 4
                        
",500,,2019,,BlackSky - USA,BlackSky,USA,LEO,361
"

                            BlackSky Global 5-24
                        
",500,,2020,,BlackSky - USA,BlackSky,USA,LEO,1
"

                            BlackSky Global 5-24
                        
",500,,2020,,BlackSky - USA,BlackSky,USA,LEO,361
"

                            CALIPSO
                        
",705,,2006,,NASA - USA,NASA,USA,LEO,1
"

                            CALIPSO
                        
",705,,2006,,NASA - USA,NASA,USA,LEO,361
"

                            CartoSat-1 (IRS-P5)
                        
",618,116,2005,2019,ISRO - India,ISRO,India,LEO,1
"

                            CartoSat-1 (IRS-P5)
                        
",618,116,2005,2019,ISRO - India,ISRO,India,LEO,361
"

                            CartoSat-2
                        
",635,4,2007,2019,ISRO - India,ISRO,India,LEO,1
"

                            CartoSat-2
                        
",635,4,2007,2019,ISRO - India,ISRO,India,LEO,361
"

                            CartoSat-2 Series (2C)
                        
",505,,2016,,ISRO - India,ISRO,India,LEO,1
"

                            CartoSat-2 Series (2C)
                        
",505,,2016,,ISRO - India,ISRO,India,LEO,361
"

                            CartoSat-2 Series (2D)
                        
",505,,2017,,ISRO - India,ISRO,India,LEO,1
"

                            CartoSat-2 Series (2D)
                        
",505,,2017,,ISRO - India,ISRO,India,LEO,361
"

                            Cartosat-2 Series (2E)
                        
",505,,2017,,ISRO - India,ISRO,India,LEO,1
"

                            Cartosat-2 Series (2E)
                        
",505,,2017,,ISRO - India,ISRO,India,LEO,361
"

                            Cartosat-2 Series (2F)
                        
",505,,2018,,ISRO - India,ISRO,India,LEO,1
"

                            Cartosat-2 Series (2F)
                        
",505,,2018,,ISRO - India,ISRO,India,LEO,361
"

                            CartoSat-2A
                        
",635,,2008,,ISRO - India,ISRO,India,LEO,1
"

                            CartoSat-2A
                        
",635,,2008,,ISRO - India,ISRO,India,LEO,361
"

                            CartoSat-2B
                        
",637,4,2010,,ISRO - India,ISRO,India,LEO,1
"

                            CartoSat-2B
                        
",637,4,2010,,ISRO - India,ISRO,India,LEO,361
"

                            CartoSat-3
                        
",509,,2019,,ISRO - India,ISRO,India,LEO,1
"

                            CartoSat-3
                        
",509,,2019,,ISRO - India,ISRO,India,LEO,361
"

                            CBERS-1
                        
",778,26,1999,2003,INPE - Brazil,INPE,Brazil,LEO,1
"

                            CBERS-1
                        
",778,26,1999,2003,INPE - Brazil,INPE,Brazil,LEO,361
"

                            CBERS-2
                        
",778,26,2003,2009,INPE - Brazil,INPE,Brazil,LEO,1
"

                            CBERS-2
                        
",778,26,2003,2009,INPE - Brazil,INPE,Brazil,LEO,361
"

                            CBERS-3
                        
",778,26,2013,2013,INPE - Brazil,INPE,Brazil,LEO,1
"

                            CBERS-3
                        
",778,26,2013,2013,INPE - Brazil,INPE,Brazil,LEO,361
"

                            CBERS-4
                        
",778,26,2014,,INPE - Brazil,INPE,Brazil,LEO,1
"

                            CBERS-4
                        
",778,26,2014,,INPE - Brazil,INPE,Brazil,LEO,361
"

                            CBERS-4A
                        
",628,31,2019,,INPE - Brazil,INPE,Brazil,LEO,1
"

                            CBERS-4A
                        
",628,31,2019,,INPE - Brazil,INPE,Brazil,LEO,361
"

                            CFOSAT
                        
",519,13,2018,,CNSA - China,CNSA,China,LEO,1
"

                            CFOSAT
                        
",519,13,2018,,CNSA - China,CNSA,China,LEO,361
"

                            CloudSat
                        
",705,,2006,2020,NASA - USA,NASA,USA,LEO,1
"

                            CloudSat
                        
",705,,2006,2020,NASA - USA,NASA,USA,LEO,361
"

                            COMS-1
                        
",35786,,2010,,KARI - Korea,KARI,Korea,GEO,1
"

                            COMS-1
                        
",35786,,2010,,KARI - Korea,KARI,Korea,GEO,361
"

                            Coriolis
                        
",830,8,2003,,US Naval Research Lab,US Naval Research Lab,USA,LEO,1
"

                            Coriolis
                        
",830,8,2003,,US Naval Research Lab,US Naval Research Lab,USA,LEO,361
"

                            COSMO-SkyMed
                        
",620,16,2007,,ASI - Italy,ASI,Italy,LEO,1
"

                            COSMO-SkyMed
                        
",620,16,2007,,ASI - Italy,ASI,Italy,LEO,361
"

                            Cosmo-SkyMed 2nd Gen (CSG-1)
                        
",619,16,2019,,ASI - Italy,ASI,Italy,LEO,1
"

                            Cosmo-SkyMed 2nd Gen (CSG-1)
                        
",619,16,2019,,ASI - Italy,ASI,Italy,LEO,361
"

                            Cosmo-SkyMed 2nd Gen (CSG-2)
                        
",619,16,2022,,ASI - Italy,ASI,Italy,LEO,1
"

                            Cosmo-SkyMed 2nd Gen (CSG-2)
                        
",619,16,2022,,ASI - Italy,ASI,Italy,LEO,361
"

                            Cosmos
                        
",800,,1987,2008,ROSCOSMOS - Russia,ROSCOSMOS,Russia,LEO,1
"

                            Cosmos
                        
",800,,1987,2008,ROSCOSMOS - Russia,ROSCOSMOS,Russia,LEO,361
"

                            CryoSat-2
                        
",717,369,2010,,ESA,ESA,N/A,LEO,1
"

                            CryoSat-2
                        
",717,369,2010,,ESA,ESA,N/A,LEO,361
"

                            CYGNSS
                        
",500,,2016,,NASA - USA,NASA,USA,LEO,1
"

                            CYGNSS
                        
",500,,2016,,NASA - USA,NASA,USA,LEO,361
"

                            DEMETER
                        
",715,,2004,2010,CNES - France,CNES,France,LEO,1
"

                            DEMETER
                        
",715,,2004,2010,CNES - France,CNES,France,LEO,361
"

                            DMC-3/TripleSat
                        
",647,1,2015,,SSTL - UK,SSTL,UK,LEO,1
"

                            DMC-3/TripleSat
                        
",647,1,2015,,SSTL - UK,SSTL,UK,LEO,361
"

                            DMSP-F16
                        
",830,,2003,,US Department of Defense,US Department of Defense,USA,LEO,1
"

                            DMSP-F16
                        
",830,,2003,,US Department of Defense,US Department of Defense,USA,LEO,361
"

                            Earth Probe
                        
",740,,1996,2005,NASA - USA,NASA,USA,LEO,1
"

                            Earth Probe
                        
",740,,1996,2005,NASA - USA,NASA,USA,LEO,361
"

                            EarthCARE
                        
",393,25,2023,,ESA,ESA,N/A,LEO,1
"

                            EarthCARE
                        
",393,25,2023,,ESA,ESA,N/A,LEO,361
"

                            ECOSTRESS on ISS
                        
",408,3,2018,,NASA - USA,NASA,USA,LEO,1
"

                            ECOSTRESS on ISS
                        
",408,3,2018,,NASA - USA,NASA,USA,LEO,361
"

                            Electro-1 (GOMS)
                        
", ,,1994,2000,ROSHYDROMET - Russia,ROSHYDROMET,Russia,,1
"

                            Electro-1 (GOMS)
                        
", ,,1994,2000,ROSHYDROMET - Russia,ROSHYDROMET,Russia,,361
"

                            Elektro-L
                        
",36000,,2011,,ROSHYDROMET - Russia,ROSHYDROMET,Russia,HEO,1
"

                            Elektro-L
                        
",36000,,2011,,ROSHYDROMET - Russia,ROSHYDROMET,Russia,HEO,361
"

                            EnMAP
                        
",652,27,2022,,DLR - Germany,DLR,Germany,LEO,1
"

                            EnMAP
                        
",652,27,2022,,DLR - Germany,DLR,Germany,LEO,361
"

                            ENVISAT
                        
",783,35,2002,2012,ESA,ESA,N/A,LEO,1
"

                            ENVISAT
                        
",783,35,2002,2012,ESA,ESA,N/A,LEO,361
"

                            EO-1
                        
",705,16,2000,2017,NASA - USA,NASA,USA,LEO,1
"

                            EO-1
                        
",705,16,2000,2017,NASA - USA,NASA,USA,LEO,361
"

                            EO-3 GIFTS
                        
",36000,, ,,NASA - USA,NASA,USA,HEO,1
"

                            EO-3 GIFTS
                        
",36000,, ,,NASA - USA,NASA,USA,HEO,361
"

                            EOS-3 (GISAT-1)
                        
",35786,,2021,2021,ISRO - India,ISRO,India,GEO,1
"

                            EOS-3 (GISAT-1)
                        
",35786,,2021,2021,ISRO - India,ISRO,India,GEO,361
"

                            EOS-4 (RISAT-1B)
                        
",529,,2022,,ISRO - India,ISRO,India,LEO,1
"

                            EOS-4 (RISAT-1B)
                        
",529,,2022,,ISRO - India,ISRO,India,LEO,361
"

                            EROS-A
                        
",530,4,2000,2016,ImageSAT International,ImageSAT International,N/A,LEO,1
"

                            EROS-A
                        
",530,4,2000,2016,ImageSAT International,ImageSAT International,N/A,LEO,361
"

                            EROS-B
                        
",520,4,2006,,ImageSAT International,ImageSAT International,N/A,LEO,1
"

                            EROS-B
                        
",520,4,2006,,ImageSAT International,ImageSAT International,N/A,LEO,361
"

                            EROS-C
                        
",510,,2019,,ImageSAT International,ImageSAT International,N/A,LEO,1
"

                            EROS-C
                        
",510,,2019,,ImageSAT International,ImageSAT International,N/A,LEO,361
"

                            ERS-1
                        
",785,35,1991,2000,ESA,ESA,N/A,LEO,1
"

                            ERS-1
                        
",785,35,1991,2000,ESA,ESA,N/A,LEO,361
"

                            ERS-2
                        
",785,35,1995,2011,ESA,ESA,N/A,LEO,1
"

                            ERS-2
                        
",785,35,1995,2011,ESA,ESA,N/A,LEO,361
"

                            FedSat
                        
",803,,2002,2007,CSIRO - Australia,CSIRO,Australia,LEO,1
"

                            FedSat
                        
",803,,2002,2007,CSIRO - Australia,CSIRO,Australia,LEO,361
"

                            Fengyun-1C/1D
                        
",863,12,1999,2012,NSMC - China,NSMC,China,LEO,1
"

                            Fengyun-1C/1D
                        
",863,12,1999,2012,NSMC - China,NSMC,China,LEO,361
"

                            Fengyun-2A
                        
", ,,1997,2000,NSMC - China,NSMC,China,,1
"

                            Fengyun-2A
                        
", ,,1997,2000,NSMC - China,NSMC,China,,361
"

                            Fengyun-2B
                        
", ,,2000,2006,NSMC - China,NSMC,China,,1
"

                            Fengyun-2B
                        
", ,,2000,2006,NSMC - China,NSMC,China,,361
"

                            FengYun-2E
                        
",36000,,2008,2018,NSMC - China,NSMC,China,HEO,1
"

                            FengYun-2E
                        
",36000,,2008,2018,NSMC - China,NSMC,China,HEO,361
"

                            FengYun-2H
                        
",3600,,2018,,NSMC - China,NSMC,China,MEO,1
"

                            FengYun-2H
                        
",3600,,2018,,NSMC - China,NSMC,China,MEO,361
"

                            FengYun-3A
                        
",836,,2008,2015,NSMC - China,NSMC,China,LEO,1
"

                            FengYun-3A
                        
",836,,2008,2015,NSMC - China,NSMC,China,LEO,361
"

                            FengYun-3B
                        
",836,,2010,,NSMC - China,NSMC,China,LEO,1
"

                            FengYun-3B
                        
",836,,2010,,NSMC - China,NSMC,China,LEO,361
"

                            FengYun-3C
                        
",836,,2013,,NSMC - China,NSMC,China,LEO,1
"

                            FengYun-3C
                        
",836,,2013,,NSMC - China,NSMC,China,LEO,361
"

                            FengYun-4A
                        
",35786,,2016,,CMA - China,CMA,China,GEO,1
"

                            FengYun-4A
                        
",35786,,2016,,CMA - China,CMA,China,GEO,361
"

                            FLEX
                        
",815,27,2024,,ESA,ESA,N/A,LEO,1
"

                            FLEX
                        
",815,27,2024,,ESA,ESA,N/A,LEO,361
"

                            FORMOSAT-1
                        
",600,,1999,2004,NSPO - Taiwan,NSPO,Taiwan,LEO,1
"

                            FORMOSAT-1
                        
",600,,1999,2004,NSPO - Taiwan,NSPO,Taiwan,LEO,361
"

                            FORMOSAT-2
                        
",891,,2004,2016,NSPO - Taiwan,NSPO,Taiwan,LEO,1
"

                            FORMOSAT-2
                        
",891,,2004,2016,NSPO - Taiwan,NSPO,Taiwan,LEO,361
"

                            FORMOSAT-3 / COSMIC
                        
",800,,2006,2020,NSPO - Taiwan,NSPO,Taiwan,LEO,1
"

                            FORMOSAT-3 / COSMIC
                        
",800,,2006,2020,NSPO - Taiwan,NSPO,Taiwan,LEO,361
"

                            FORMOSAT-5
                        
",720,,2017,,NSPO - Taiwan,NSPO,Taiwan,LEO,1
"

                            FORMOSAT-5
                        
",720,,2017,,NSPO - Taiwan,NSPO,Taiwan,LEO,361
"

                            FORMOSAT-7 / COSMIC-2
                        
",550,,2019,,NSPO - Taiwan,NSPO,Taiwan,LEO,1
"

                            FORMOSAT-7 / COSMIC-2
                        
",550,,2019,,NSPO - Taiwan,NSPO,Taiwan,LEO,361
"

                            GaoFen-5
                        
", ,,2018,,CNSA - China,CNSA,China,,1
"

                            GaoFen-5
                        
", ,,2018,,CNSA - China,CNSA,China,,361
"

                            GCOM-C1
                        
",798,2,2017,,JAXA - Japan,JAXA,Japan,LEO,1
"

                            GCOM-C1
                        
",798,2,2017,,JAXA - Japan,JAXA,Japan,LEO,361
"

                            GCOM-W1
                        
",700,2,2012,,JAXA - Japan,JAXA,Japan,LEO,1
"

                            GCOM-W1
                        
",700,2,2012,,JAXA - Japan,JAXA,Japan,LEO,361
"

                            GEO-KOMPSAT-2A
                        
",35786,,2018,,KARI - Korea,KARI,Korea,GEO,1
"

                            GEO-KOMPSAT-2A
                        
",35786,,2018,,KARI - Korea,KARI,Korea,GEO,361
"

                            GEO-KOMPSAT-2B
                        
",35786,,2020,,KARI - Korea,KARI,Korea,GEO,1
"

                            GEO-KOMPSAT-2B
                        
",35786,,2020,,KARI - Korea,KARI,Korea,GEO,361
"

                            GeoEye-1
                        
",681,,2008,,Maxar/DigitalGlobe - USA,Maxar/DigitalGlobe,USA,LEO,1
"

                            GeoEye-1
                        
",681,,2008,,Maxar/DigitalGlobe - USA,Maxar/DigitalGlobe,USA,LEO,361
"

                            Geosat Follow-On (GFO)
                        
",800,17,1998,2008,US Naval Research Lab,US Naval Research Lab,USA,LEO,1
"

                            Geosat Follow-On (GFO)
                        
",800,17,1998,2008,US Naval Research Lab,US Naval Research Lab,USA,LEO,361
"

                            Geosat-1 (Deimos-1)
                        
",650,3,2009,,GEOSAT - Spain,GEOSAT,Spain,LEO,1
"

                            Geosat-1 (Deimos-1)
                        
",650,3,2009,,GEOSAT - Spain,GEOSAT,Spain,LEO,361
"

                            Geosat-2 (Deimos-2)
                        
",620,2,2014,,GEOSAT - Spain,GEOSAT,Spain,LEO,1
"

                            Geosat-2 (Deimos-2)
                        
",620,2,2014,,GEOSAT - Spain,GEOSAT,Spain,LEO,361
"

                            GeoXO
                        
", ,,2035,,NOAA,NOAA,USA,,1
"

                            GeoXO
                        
", ,,2035,,NOAA,NOAA,USA,,361
"

                            GISAT-2 - GEO Imaging Satellite
                        
",35786,,2022,,ISRO - India,ISRO,India,GEO,1
"

                            GISAT-2 - GEO Imaging Satellite
                        
",35786,,2022,,ISRO - India,ISRO,India,GEO,361
"

                            GLORY
                        
",705,,2011,2011,NASA - USA,NASA,USA,LEO,1
"

                            GLORY
                        
",705,,2011,2011,NASA - USA,NASA,USA,LEO,361
"

                            GMS-5
                        
", ,,1995,2003,JMA - Japan,JMA,Japan,,1
"

                            GMS-5
                        
", ,,1995,2003,JMA - Japan,JMA,Japan,,361
"

                            GOCE
                        
",235,,2009,2013,ESA,ESA,N/A,LEO,1
"

                            GOCE
                        
",235,,2009,2013,ESA,ESA,N/A,LEO,361
"

                            GOES-10
                        
",35800,,1997,2009,NOAA,NOAA,USA,MEO,1
"

                            GOES-10
                        
",35800,,1997,2009,NOAA,NOAA,USA,MEO,361
"

                            GOES-11
                        
",35800,,2000,2011,NOAA,NOAA,USA,MEO,1
"

                            GOES-11
                        
",35800,,2000,2011,NOAA,NOAA,USA,MEO,361
"

                            GOES-12
                        
",35800,,2001,2013,NOAA,NOAA,USA,MEO,1
"

                            GOES-12
                        
",35800,,2001,2013,NOAA,NOAA,USA,MEO,361
"

                            GOES-13
                        
",35800,,2006,2018,NOAA,NOAA,USA,MEO,1
"

                            GOES-13
                        
",35800,,2006,2018,NOAA,NOAA,USA,MEO,361
"

                            GOES-14
                        
",35800,,2009,,NOAA,NOAA,USA,MEO,1
"

                            GOES-14
                        
",35800,,2009,,NOAA,NOAA,USA,MEO,361
"

                            GOES-15
                        
",35800,,2010,,NOAA,NOAA,USA,MEO,1
"

                            GOES-15
                        
",35800,,2010,,NOAA,NOAA,USA,MEO,361
"

                            GOES-16 (GOES-EAST)
                        
",35786,,2016,,NOAA,NOAA,USA,GEO,1
"

                            GOES-16 (GOES-EAST)
                        
",35786,,2016,,NOAA,NOAA,USA,GEO,361
"

                            GOES-17 (GOES-WEST)
                        
",35786,,2018,,NOAA,NOAA,USA,GEO,1
"

                            GOES-17 (GOES-WEST)
                        
",35786,,2018,,NOAA,NOAA,USA,GEO,361
"

                            GOES-18
                        
",35888,,2022,,NOAA,NOAA,USA,MEO,1
"

                            GOES-18
                        
",35888,,2022,,NOAA,NOAA,USA,MEO,361
"

                            GOES-8
                        
",35800,,1994,2004,NOAA,NOAA,USA,MEO,1
"

                            GOES-8
                        
",35800,,1994,2004,NOAA,NOAA,USA,MEO,361
"

                            GOES-9
                        
",35800,,1995,2007,NOAA,NOAA,USA,MEO,1
"

                            GOES-9
                        
",35800,,1995,2007,NOAA,NOAA,USA,MEO,361
"

                            GOES-U
                        
", ,,2024,,NOAA,NOAA,USA,,1
"

                            GOES-U
                        
", ,,2024,,NOAA,NOAA,USA,,361
"

                            GOKTURK-2
                        
",700,,2012,,TUBITAK UZAY/STRI- Turkey,TUBITAK UZAY/STRI,Turkey,LEO,1
"

                            GOKTURK-2
                        
",700,,2012,,TUBITAK UZAY/STRI- Turkey,TUBITAK UZAY/STRI,Turkey,LEO,361
"

                            GOSAT
                        
",666,3,2009,,JAXA - Japan,JAXA,Japan,LEO,1
"

                            GOSAT
                        
",666,3,2009,,JAXA - Japan,JAXA,Japan,LEO,361
"

                            GOSAT-2
                        
",613,6,2018,,JAXA - Japan,JAXA,Japan,LEO,1
"

                            GOSAT-2
                        
",613,6,2018,,JAXA - Japan,JAXA,Japan,LEO,361
"

                            GPM Core
                        
",407,,2014,,NASA - USA,NASA,USA,LEO,1
"

                            GPM Core
                        
",407,,2014,,NASA - USA,NASA,USA,LEO,361
"

                            GRACE
                        
",437,,2002,2017,NASA - USA,NASA,USA,LEO,1
"

                            GRACE
                        
",437,,2002,2017,NASA - USA,NASA,USA,LEO,361
"

                            GRACE-FO
                        
",490,30,2018,,NASA - USA,NASA,USA,LEO,1
"

                            GRACE-FO
                        
",490,30,2018,,NASA - USA,NASA,USA,LEO,361
"

                            Himawari-8
                        
",35800,,2014,,JMA - Japan,JMA,Japan,MEO,1
"

                            Himawari-8
                        
",35800,,2014,,JMA - Japan,JMA,Japan,MEO,361
"

                            Himawari-9
                        
",35800,,2016,,JMA - Japan,JMA,Japan,MEO,1
"

                            Himawari-9
                        
",35800,,2016,,JMA - Japan,JMA,Japan,MEO,361
"

                            HJ - 1A
                        
",649,31,2008,,CAST - China,CAST,China,LEO,1
"

                            HJ - 1A
                        
",649,31,2008,,CAST - China,CAST,China,LEO,361
"

                            HY - 1B
                        
",798,7,2007,2016,CAST - China,CAST,China,LEO,1
"

                            HY - 1B
                        
",798,7,2007,2016,CAST - China,CAST,China,LEO,361
"

                            HysIS
                        
",636,,2018,,ISRO - India,ISRO,India,LEO,1
"

                            HysIS
                        
",636,,2018,,ISRO - India,ISRO,India,LEO,361
"

                            ICESat
                        
",600,,2003,2010,NASA - USA,NASA,USA,LEO,1
"

                            ICESat
                        
",600,,2003,2010,NASA - USA,NASA,USA,LEO,361
"

                            ICESat-2
                        
",498,91,2018,,NASA - USA,NASA,USA,LEO,1
"

                            ICESat-2
                        
",498,91,2018,,NASA - USA,NASA,USA,LEO,361
"

                            ICEYE-X1
                        
",505,,2018,2018,ICEYE - Finland,ICEYE,Finland,LEO,1
"

                            ICEYE-X1
                        
",505,,2018,2018,ICEYE - Finland,ICEYE,Finland,LEO,361
"

                            ICEYE-X2
                        
",590,,2018,,ICEYE - Finland,ICEYE,Finland,LEO,1
"

                            ICEYE-X2
                        
",590,,2018,,ICEYE - Finland,ICEYE,Finland,LEO,361
"

                            ICEYE-X4
                        
",590,,2019,,ICEYE - Finland,ICEYE,Finland,LEO,1
"

                            ICEYE-X4
                        
",590,,2019,,ICEYE - Finland,ICEYE,Finland,LEO,361
"

                            ICEYE-X5
                        
",565,,2019,,ICEYE - Finland,ICEYE,Finland,LEO,1
"

                            ICEYE-X5
                        
",565,,2019,,ICEYE - Finland,ICEYE,Finland,LEO,361
"

                            IKONOS
                        
",681,3,1999,2015,Maxar/DigitalGlobe - USA,Maxar/DigitalGlobe,USA,LEO,1
"

                            IKONOS
                        
",681,3,1999,2015,Maxar/DigitalGlobe - USA,Maxar/DigitalGlobe,USA,LEO,361
"

                            IMS-1
                        
",635,,2008,,ISRO - India,ISRO,India,LEO,1
"

                            IMS-1
                        
",635,,2008,,ISRO - India,ISRO,India,LEO,361
"

                            INSAT-2A
                        
", ,,1992,2002,ISRO - India,ISRO,India,,1
"

                            INSAT-2A
                        
", ,,1992,2002,ISRO - India,ISRO,India,,361
"

                            INSAT-2B
                        
", ,,1993,2004,ISRO - India,ISRO,India,,1
"

                            INSAT-2B
                        
", ,,1993,2004,ISRO - India,ISRO,India,,361
"

                            INSAT-2E
                        
", ,,1999,2012,ISRO - India,ISRO,India,,1
"

                            INSAT-2E
                        
", ,,1999,2012,ISRO - India,ISRO,India,,361
"

                            INSAT-3D
                        
",35786,,2013,,ISRO - India,ISRO,India,GEO,1
"

                            INSAT-3D
                        
",35786,,2013,,ISRO - India,ISRO,India,GEO,361
"

                            IRS-1A
                        
",904,22,1988,1995,ISRO - India,ISRO,India,LEO,1
"

                            IRS-1A
                        
",904,22,1988,1995,ISRO - India,ISRO,India,LEO,361
"

                            IRS-1B
                        
",904,22,1991,2003,ISRO - India,ISRO,India,LEO,1
"

                            IRS-1B
                        
",904,22,1991,2003,ISRO - India,ISRO,India,LEO,361
"

                            IRS-1C
                        
",817,24,1995,2007,ISRO - India,ISRO,India,LEO,1
"

                            IRS-1C
                        
",817,24,1995,2007,ISRO - India,ISRO,India,LEO,361
"

                            IRS-1D
                        
",824,25,1997,2010,ISRO - India,ISRO,India,LEO,1
"

                            IRS-1D
                        
",824,25,1997,2010,ISRO - India,ISRO,India,LEO,361
"

                            IRS-P2
                        
",817,24,1994,1997,ISRO - India,ISRO,India,LEO,1
"

                            IRS-P2
                        
",817,24,1994,1997,ISRO - India,ISRO,India,LEO,361
"

                            IRS-P3
                        
",817,5,1996,2006,ISRO - India,ISRO,India,LEO,1
"

                            IRS-P3
                        
",817,5,1996,2006,ISRO - India,ISRO,India,LEO,361
"

                            Jason-1
                        
",1337,10,2001,2013,NASA - USA,NASA,USA,LEO,1
"

                            Jason-1
                        
",1337,10,2001,2013,NASA - USA,NASA,USA,LEO,361
"

                            Jason-2
                        
",1336,,2008,2019,NOAA,NOAA,USA,LEO,1
"

                            Jason-2
                        
",1336,,2008,2019,NOAA,NOAA,USA,LEO,361
"

                            Jason-3
                        
",1336,,2016,,NOAA,NOAA,USA,LEO,1
"

                            Jason-3
                        
",1336,,2016,,NOAA,NOAA,USA,LEO,361
"

                            JERS-1
                        
",568,44,1992,1998,JAXA - Japan,JAXA,Japan,LEO,1
"

                            JERS-1
                        
",568,44,1992,1998,JAXA - Japan,JAXA,Japan,LEO,361
"

                            JPSS-2
                        
",824,,2022,,NOAA,NOAA,USA,LEO,1
"

                            JPSS-2
                        
",824,,2022,,NOAA,NOAA,USA,LEO,361
"

                            JPSS-3
                        
", ,,2028,,NOAA,NOAA,USA,,1
"

                            JPSS-3
                        
", ,,2028,,NOAA,NOAA,USA,,361
"

                            JPSS-4
                        
", ,,2032,,NOAA,NOAA,USA,,1
"

                            JPSS-4
                        
", ,,2032,,NOAA,NOAA,USA,,361
"

                            Kanopus-V1
                        
",510,17,2012,,ROSCOSMOS - Russia,ROSCOSMOS,Russia,LEO,1
"

                            Kanopus-V1
                        
",510,17,2012,,ROSCOSMOS - Russia,ROSCOSMOS,Russia,LEO,361
"

                            KANOPUS-V3
                        
",510,5,2018,,ROSCOSMOS - Russia,ROSCOSMOS,Russia,LEO,1
"

                            KANOPUS-V3
                        
",510,5,2018,,ROSCOSMOS - Russia,ROSCOSMOS,Russia,LEO,361
"

                            KANOPUS-V4
                        
",510,5,2018,,ROSCOSMOS - Russia,ROSCOSMOS,Russia,LEO,1
"

                            KANOPUS-V4
                        
",510,5,2018,,ROSCOSMOS - Russia,ROSCOSMOS,Russia,LEO,361
"

                            KANOPUS-V5
                        
",510,,2018,,ROSCOSMOS - Russia,ROSCOSMOS,Russia,LEO,1
"

                            KANOPUS-V5
                        
",510,,2018,,ROSCOSMOS - Russia,ROSCOSMOS,Russia,LEO,361
"

                            KANOPUS-V6
                        
",510,,2018,,ROSCOSMOS - Russia,ROSCOSMOS,Russia,LEO,1
"

                            KANOPUS-V6
                        
",510,,2018,,ROSCOSMOS - Russia,ROSCOSMOS,Russia,LEO,361
"

                            KOMPSAT-1
                        
",685,28,1999,2007,KARI - Korea,KARI,Korea,LEO,1
"

                            KOMPSAT-1
                        
",685,28,1999,2007,KARI - Korea,KARI,Korea,LEO,361
"

                            KOMPSAT-2
                        
",685,28,2006,2015,KARI - Korea,KARI,Korea,LEO,1
"

                            KOMPSAT-2
                        
",685,28,2006,2015,KARI - Korea,KARI,Korea,LEO,361
"

                            KOMPSAT-3
                        
",685,28,2012,,KARI - Korea,KARI,Korea,LEO,1
"

                            KOMPSAT-3
                        
",685,28,2012,,KARI - Korea,KARI,Korea,LEO,361
"

                            KOMPSAT-3A
                        
",528,28,2015,,KARI - Korea,KARI,Korea,LEO,1
"

                            KOMPSAT-3A
                        
",528,28,2015,,KARI - Korea,KARI,Korea,LEO,361
"

                            KOMPSAT-5
                        
",550,28,2013,,KARI - Korea,KARI,Korea,LEO,1
"

                            KOMPSAT-5
                        
",550,28,2013,,KARI - Korea,KARI,Korea,LEO,361
"

                            KOMPSAT-6
                        
",505,11,2022,,KARI - Korea,KARI,Korea,LEO,1
"

                            KOMPSAT-6
                        
",505,11,2022,,KARI - Korea,KARI,Korea,LEO,361
"

                            KOMPSAT-7
                        
",685,28,2022,,KARI - Korea,KARI,Korea,LEO,1
"

                            KOMPSAT-7
                        
",685,28,2022,,KARI - Korea,KARI,Korea,LEO,361
"

                            Landsat 1
                        
",907,18,1972,1978,NASA - USA,NASA,USA,LEO,1
"

                            Landsat 1
                        
",907,18,1972,1978,NASA - USA,NASA,USA,LEO,361
"

                            Landsat 2
                        
",908,18,1975,1982,NASA - USA,NASA,USA,LEO,1
"

                            Landsat 2
                        
",908,18,1975,1982,NASA - USA,NASA,USA,LEO,361
"

                            Landsat 3
                        
",915,18,1978,1983,NASA - USA,NASA,USA,LEO,1
"

                            Landsat 3
                        
",915,18,1978,1983,NASA - USA,NASA,USA,LEO,361
"

                            Landsat 4
                        
",705,16,1982,2001,NASA - USA,NASA,USA,LEO,1
"

                            Landsat 4
                        
",705,16,1982,2001,NASA - USA,NASA,USA,LEO,361
"

                            Landsat 5
                        
",705,16,1984,2013,NASA - USA,NASA,USA,LEO,1
"

                            Landsat 5
                        
",705,16,1984,2013,NASA - USA,NASA,USA,LEO,361
"

                            Landsat 7
                        
",705,16,1999,,NASA - USA,NASA,USA,LEO,1
"

                            Landsat 7
                        
",705,16,1999,,NASA - USA,NASA,USA,LEO,361
"

                            Landsat 8
                        
",705,16,2013,,NASA - USA,NASA,USA,LEO,1
"

                            Landsat 8
                        
",705,16,2013,,NASA - USA,NASA,USA,LEO,361
"

                            Landsat 9
                        
",705,16,2021,,NASA - USA,NASA,USA,LEO,1
"

                            Landsat 9
                        
",705,16,2021,,NASA - USA,NASA,USA,LEO,361
"

                            LAPAN-TUBSAT
                        
",625,,2007,,LAPAN - Indonesia,LAPAN,Indonesia,LEO,1
"

                            LAPAN-TUBSAT
                        
",625,,2007,,LAPAN - Indonesia,LAPAN,Indonesia,LEO,361
"

                            MEGHA-TROPIQUES
                        
",867,,2011,,CNES - France,CNES,France,LEO,1
"

                            MEGHA-TROPIQUES
                        
",867,,2011,,CNES - France,CNES,France,LEO,361
"

                            MERLIN
                        
",506,28,2024,,DLR - Germany,DLR,Germany,LEO,1
"

                            MERLIN
                        
",506,28,2024,,DLR - Germany,DLR,Germany,LEO,361
"

                            METEOR-3M N1
                        
",1012,3,2001,2006,ROSHYDROMET - Russia,ROSHYDROMET,Russia,LEO,1
"

                            METEOR-3M N1
                        
",1012,3,2001,2006,ROSHYDROMET - Russia,ROSHYDROMET,Russia,LEO,361
"

                            Meteor-M N2-2
                        
",821,,2019,,ROSHYDROMET - Russia,ROSHYDROMET,Russia,LEO,1
"

                            Meteor-M N2-2
                        
",821,,2019,,ROSHYDROMET - Russia,ROSHYDROMET,Russia,LEO,361
"

                            Meteor-M1
                        
",832,,2009,2014,ROSHYDROMET - Russia,ROSHYDROMET,Russia,LEO,1
"

                            Meteor-M1
                        
",832,,2009,2014,ROSHYDROMET - Russia,ROSHYDROMET,Russia,LEO,361
"

                            Meteor-M2
                        
",825,,2014,,ROSHYDROMET - Russia,ROSHYDROMET,Russia,LEO,1
"

                            Meteor-M2
                        
",825,,2014,,ROSHYDROMET - Russia,ROSHYDROMET,Russia,LEO,361
"

                            Meteosat 5
                        
",35786,,1991,2007,EUMETSAT,EUMETSAT,IGO,GEO,1
"

                            Meteosat 5
                        
",35786,,1991,2007,EUMETSAT,EUMETSAT,IGO,GEO,361
"

                            Meteosat 6
                        
",35786,,1993,2011,EUMETSAT,EUMETSAT,IGO,GEO,1
"

                            Meteosat 6
                        
",35786,,1993,2011,EUMETSAT,EUMETSAT,IGO,GEO,361
"

                            Meteosat 7
                        
",36000,,1997,2017,EUMETSAT,EUMETSAT,IGO,HEO,1
"

                            Meteosat 7
                        
",36000,,1997,2017,EUMETSAT,EUMETSAT,IGO,HEO,361
"

                            Meteosat 8
                        
",36000,,2002,,EUMETSAT,EUMETSAT,IGO,HEO,1
"

                            Meteosat 8
                        
",36000,,2002,,EUMETSAT,EUMETSAT,IGO,HEO,361
"

                            Meteosat 9
                        
",36000,,2005,,EUMETSAT,EUMETSAT,IGO,HEO,1
"

                            Meteosat 9
                        
",36000,,2005,,EUMETSAT,EUMETSAT,IGO,HEO,361
"

                            Meteosat-10
                        
",36000,,2012,,EUMETSAT,EUMETSAT,IGO,HEO,1
"

                            Meteosat-10
                        
",36000,,2012,,EUMETSAT,EUMETSAT,IGO,HEO,361
"

                            Meteosat-11
                        
",36000,,2015,,EUMETSAT,EUMETSAT,IGO,HEO,1
"

                            Meteosat-11
                        
",36000,,2015,,EUMETSAT,EUMETSAT,IGO,HEO,361
"

                            Metop-A
                        
",817,29,2006,2021,EUMETSAT,EUMETSAT,IGO,LEO,1
"

                            Metop-A
                        
",817,29,2006,2021,EUMETSAT,EUMETSAT,IGO,LEO,361
"

                            Metop-B
                        
",817,29,2012,,EUMETSAT,EUMETSAT,IGO,LEO,1
"

                            Metop-B
                        
",817,29,2012,,EUMETSAT,EUMETSAT,IGO,LEO,361
"

                            Metop-C
                        
",817,29,2018,,EUMETSAT,EUMETSAT,IGO,LEO,1
"

                            Metop-C
                        
",817,29,2018,,EUMETSAT,EUMETSAT,IGO,LEO,361
"

                            MetOp-SG A1
                        
",817,29,2024,,EUMETSAT,EUMETSAT,IGO,LEO,1
"

                            MetOp-SG A1
                        
",817,29,2024,,EUMETSAT,EUMETSAT,IGO,LEO,361
"

                            Metop-SG A2
                        
",817,29,2031,,EUMETSAT,EUMETSAT,IGO,LEO,1
"

                            Metop-SG A2
                        
",817,29,2031,,EUMETSAT,EUMETSAT,IGO,LEO,361
"

                            Metop-SG A3
                        
",817,29,2036,,EUMETSAT,EUMETSAT,IGO,LEO,1
"

                            Metop-SG A3
                        
",817,29,2036,,EUMETSAT,EUMETSAT,IGO,LEO,361
"

                            Metop-SG B1
                        
",817,29,2025,,EUMETSAT,EUMETSAT,IGO,LEO,1
"

                            Metop-SG B1
                        
",817,29,2025,,EUMETSAT,EUMETSAT,IGO,LEO,361
"

                            Metop-SG B2
                        
",817,29,2032,,EUMETSAT,EUMETSAT,IGO,LEO,1
"

                            Metop-SG B2
                        
",817,29,2032,,EUMETSAT,EUMETSAT,IGO,LEO,361
"

                            Metop-SG B3
                        
",817,29,2039,,EUMETSAT,EUMETSAT,IGO,LEO,1
"

                            Metop-SG B3
                        
",817,29,2039,,EUMETSAT,EUMETSAT,IGO,LEO,361
"

                            MOS-1
                        
",909,17,1987,1995,JAXA - Japan,JAXA,Japan,LEO,1
"

                            MOS-1
                        
",909,17,1987,1995,JAXA - Japan,JAXA,Japan,LEO,361
"

                            MOS-1b
                        
",909,17,1990,1996,JAXA - Japan,JAXA,Japan,LEO,1
"

                            MOS-1b
                        
",909,17,1990,1996,JAXA - Japan,JAXA,Japan,LEO,361
"

                            MTG-I1
                        
",35786,,2022,,EUMETSAT,EUMETSAT,IGO,GEO,1
"

                            MTG-I1
                        
",35786,,2022,,EUMETSAT,EUMETSAT,IGO,GEO,361
"

                            MTG-I2
                        
",35786,,2025,,EUMETSAT,EUMETSAT,IGO,GEO,1
"

                            MTG-I2
                        
",35786,,2025,,EUMETSAT,EUMETSAT,IGO,GEO,361
"

                            MTG-I3
                        
",35786,,2032,,EUMETSAT,EUMETSAT,IGO,GEO,1
"

                            MTG-I3
                        
",35786,,2032,,EUMETSAT,EUMETSAT,IGO,GEO,361
"

                            MTG-I4
                        
",35786,,2042,,EUMETSAT,EUMETSAT,IGO,GEO,1
"

                            MTG-I4
                        
",35786,,2042,,EUMETSAT,EUMETSAT,IGO,GEO,361
"

                            MTG-S1
                        
",35786,,2024,,EUMETSAT,EUMETSAT,IGO,GEO,1
"

                            MTG-S1
                        
",35786,,2024,,EUMETSAT,EUMETSAT,IGO,GEO,361
"

                            MTG-S2
                        
",35786,,2034,,EUMETSAT,EUMETSAT,IGO,GEO,1
"

                            MTG-S2
                        
",35786,,2034,,EUMETSAT,EUMETSAT,IGO,GEO,361
"

                            MTI
                        
",575,,2000,,US Department of Energy,US Department of Energy,USA,LEO,1
"

                            MTI
                        
",575,,2000,,US Department of Energy,US Department of Energy,USA,LEO,361
"

                            MTSAT-1R
                        
",35800,,2005,2010,JMA - Japan,JMA,Japan,MEO,1
"

                            MTSAT-1R
                        
",35800,,2005,2010,JMA - Japan,JMA,Japan,MEO,361
"

                            MTSAT-2
                        
",35800,,2006,2016,JMA - Japan,JMA,Japan,MEO,1
"

                            MTSAT-2
                        
",35800,,2006,2016,JMA - Japan,JMA,Japan,MEO,361
"

                            NigeriaSat - 1
                        
",686,,2003,2012,NASRDA - Nigeria,NASRDA,Nigeria,LEO,1
"

                            NigeriaSat - 1
                        
",686,,2003,2012,NASRDA - Nigeria,NASRDA,Nigeria,LEO,361
"

                            NigeriaSat - 2
                        
",700,,2011,,NASRDA - Nigeria,NASRDA,Nigeria,LEO,1
"

                            NigeriaSat - 2
                        
",700,,2011,,NASRDA - Nigeria,NASRDA,Nigeria,LEO,361
"

                            NigeriaSat - X
                        
",700,,2011,,NASRDA - Nigeria,NASRDA,Nigeria,LEO,1
"

                            NigeriaSat - X
                        
",700,,2011,,NASRDA - Nigeria,NASRDA,Nigeria,LEO,361
"

                            NIMBUS-7
                        
",955,6,1978,1994,NASA - USA,NASA,USA,LEO,1
"

                            NIMBUS-7
                        
",955,6,1978,1994,NASA - USA,NASA,USA,LEO,361
"

                            NISAR
                        
", ,,2023,,NASA - USA,NASA,USA,,1
"

                            NISAR
                        
", ,,2023,,NASA - USA,NASA,USA,,361
"

                            NOAA-10
                        
",833,11,1986,2001,NOAA,NOAA,USA,LEO,1
"

                            NOAA-10
                        
",833,11,1986,2001,NOAA,NOAA,USA,LEO,361
"

                            NOAA-11
                        
",870,11,1988,2004,NOAA,NOAA,USA,LEO,1
"

                            NOAA-11
                        
",870,11,1988,2004,NOAA,NOAA,USA,LEO,361
"

                            NOAA-12
                        
",833,11,1991,2007,NOAA,NOAA,USA,LEO,1
"

                            NOAA-12
                        
",833,11,1991,2007,NOAA,NOAA,USA,LEO,361
"

                            NOAA-14
                        
",870,11,1994,2007,NOAA,NOAA,USA,LEO,1
"

                            NOAA-14
                        
",870,11,1994,2007,NOAA,NOAA,USA,LEO,361
"

                            NOAA-15
                        
",833,11,1998,,NOAA,NOAA,USA,LEO,1
"

                            NOAA-15
                        
",833,11,1998,,NOAA,NOAA,USA,LEO,361
"

                            NOAA-16
                        
",870,11,2000,2014,NOAA,NOAA,USA,LEO,1
"

                            NOAA-16
                        
",870,11,2000,2014,NOAA,NOAA,USA,LEO,361
"

                            NOAA-17
                        
",833,11,2002,2013,NOAA,NOAA,USA,LEO,1
"

                            NOAA-17
                        
",833,11,2002,2013,NOAA,NOAA,USA,LEO,361
"

                            NOAA-18
                        
",854,11,2005,,NOAA,NOAA,USA,LEO,1
"

                            NOAA-18
                        
",854,11,2005,,NOAA,NOAA,USA,LEO,361
"

                            NOAA-19
                        
",870,,2009,,NOAA,NOAA,USA,LEO,1
"

                            NOAA-19
                        
",870,,2009,,NOAA,NOAA,USA,LEO,361
"

                            NOAA-20 (JPSS-1)
                        
",824,20,2017,,NOAA,NOAA,USA,LEO,1
"

                            NOAA-20 (JPSS-1)
                        
",824,20,2017,,NOAA,NOAA,USA,LEO,361
"

                            NovaSAR-1
                        
",580,14,2018,,SSTL - UK,SSTL,UK,LEO,1
"

                            NovaSAR-1
                        
",580,14,2018,,SSTL - UK,SSTL,UK,LEO,361
"

                            OceanSat-1
                        
",720,2,1999,2010,ISRO - India,ISRO,India,LEO,1
"

                            OceanSat-1
                        
",720,2,1999,2010,ISRO - India,ISRO,India,LEO,361
"

                            OceanSat-2
                        
",720,2,2009,,ISRO - India,ISRO,India,LEO,1
"

                            OceanSat-2
                        
",720,2,2009,,ISRO - India,ISRO,India,LEO,361
"

                            OceanSat-3
                        
",720,2,2022,,ISRO - India,ISRO,India,LEO,1
"

                            OceanSat-3
                        
",720,2,2022,,ISRO - India,ISRO,India,LEO,361
"

                            OCO-2
                        
",705,16,2014,,NASA - USA,NASA,USA,LEO,1
"

                            OCO-2
                        
",705,16,2014,,NASA - USA,NASA,USA,LEO,361
"

                            OCO-3 on ISS
                        
",407,,2019,,NASA - USA,NASA,USA,LEO,1
"

                            OCO-3 on ISS
                        
",407,,2019,,NASA - USA,NASA,USA,LEO,361
"

                            ODIN
                        
",625,,2001,,SNSB - Sweden,SNSB,Sweden,LEO,1
"

                            ODIN
                        
",625,,2001,,SNSB - Sweden,SNSB,Sweden,LEO,361
"

                            PACE
                        
",676,,2023,,NASA - USA,NASA,USA,LEO,1
"

                            PACE
                        
",676,,2023,,NASA - USA,NASA,USA,LEO,361
"

                            Parasol
                        
",705,,2004,2013,CNES - France,CNES,France,LEO,1
"

                            Parasol
                        
",705,,2004,2013,CNES - France,CNES,France,LEO,361
"

                            Planet - Dove
                        
",400,,2015,,Planet - USA,Planet,USA,LEO,1
"

                            Planet - Dove
                        
",400,,2015,,Planet - USA,Planet,USA,LEO,361
"

                            Planet - Dove, Flock 1c
                        
",600,,2014,,Planet - USA,Planet,USA,LEO,1
"

                            Planet - Dove, Flock 1c
                        
",600,,2014,,Planet - USA,Planet,USA,LEO,361
"

                            Planet - Dove, Flock 2k
                        
",455,,2017,,Planet - USA,Planet,USA,LEO,1
"

                            Planet - Dove, Flock 2k
                        
",455,,2017,,Planet - USA,Planet,USA,LEO,361
"

                            Planet - Dove, Flock 2p
                        
",495,,2016,,Planet - USA,Planet,USA,LEO,1
"

                            Planet - Dove, Flock 2p
                        
",495,,2016,,Planet - USA,Planet,USA,LEO,361
"

                            Planet - Dove, Flock 3k
                        
",485,,2018,,Planet - USA,Planet,USA,LEO,1
"

                            Planet - Dove, Flock 3k
                        
",485,,2018,,Planet - USA,Planet,USA,LEO,361
"

                            Planet - Dove, Flock 3m
                        
",510,,2017,,Planet - USA,Planet,USA,LEO,1
"

                            Planet - Dove, Flock 3m
                        
",510,,2017,,Planet - USA,Planet,USA,LEO,361
"

                            Planet - Dove, Flock 3p
                        
",495,,2017,,Planet - USA,Planet,USA,LEO,1
"

                            Planet - Dove, Flock 3p
                        
",495,,2017,,Planet - USA,Planet,USA,LEO,361
"

                            Planet - Dove, Flock 3p'
                        
",500,,2018,,Planet - USA,Planet,USA,LEO,1
"

                            Planet - Dove, Flock 3p'
                        
",500,,2018,,Planet - USA,Planet,USA,LEO,361
"

                            Planet - Dove, Flock 3r
                        
",485,,2018,,Planet - USA,Planet,USA,LEO,1
"

                            Planet - Dove, Flock 3r
                        
",485,,2018,,Planet - USA,Planet,USA,LEO,361
"

                            Planet - Dove, Flock 3s
                        
",585,,2018,,Planet - USA,Planet,USA,LEO,1
"

                            Planet - Dove, Flock 3s
                        
",585,,2018,,Planet - USA,Planet,USA,LEO,361
"

                            Planet - Dove, Flock 4a
                        
",500,,2019,,Planet - USA,Planet,USA,LEO,1
"

                            Planet - Dove, Flock 4a
                        
",500,,2019,,Planet - USA,Planet,USA,LEO,361
"

                            Pleiades 1A
                        
",694,26,2011,,Airbus Defence and Space,Airbus Defence and Space,N/A,LEO,1
"

                            Pleiades 1A
                        
",694,26,2011,,Airbus Defence and Space,Airbus Defence and Space,N/A,LEO,361
"

                            Pleiades 1B
                        
",694,26,2012,,Airbus Defence and Space,Airbus Defence and Space,N/A,LEO,1
"

                            Pleiades 1B
                        
",694,26,2012,,Airbus Defence and Space,Airbus Defence and Space,N/A,LEO,361
"

                            Pleiades Neo 3
                        
",620,,2021,,Airbus Defence and Space,Airbus Defence and Space,N/A,LEO,1
"

                            Pleiades Neo 3
                        
",620,,2021,,Airbus Defence and Space,Airbus Defence and Space,N/A,LEO,361
"

                            Pleiades Neo 4
                        
",620,,2021,,Airbus Defence and Space,Airbus Defence and Space,N/A,LEO,1
"

                            Pleiades Neo 4
                        
",620,,2021,,Airbus Defence and Space,Airbus Defence and Space,N/A,LEO,361
"

                            Pleiades Neo 5
                        
",620,,2022,,Airbus Defence and Space,Airbus Defence and Space,N/A,LEO,1
"

                            Pleiades Neo 5
                        
",620,,2022,,Airbus Defence and Space,Airbus Defence and Space,N/A,LEO,361
"

                            Pleiades Neo 6
                        
",620,,2022,,Airbus Defence and Space,Airbus Defence and Space,N/A,LEO,1
"

                            Pleiades Neo 6
                        
",620,,2022,,Airbus Defence and Space,Airbus Defence and Space,N/A,LEO,361
"

                            PRIRODA-MIR
                        
",400,,1996,2001,ROSCOSMOS - Russia,ROSCOSMOS,Russia,LEO,1
"

                            PRIRODA-MIR
                        
",400,,1996,2001,ROSCOSMOS - Russia,ROSCOSMOS,Russia,LEO,361
"

                            PRISMA
                        
",615,29,2019,,ASI - Italy,ASI,Italy,LEO,1
"

                            PRISMA
                        
",615,29,2019,,ASI - Italy,ASI,Italy,LEO,361
"

                            PROBA-1
                        
",615,7,2001,,ESA,ESA,N/A,LEO,1
"

                            PROBA-1
                        
",615,7,2001,,ESA,ESA,N/A,LEO,361
"

                            PROBA-V
                        
",820,1,2013,2021,ESA,ESA,N/A,LEO,1
"

                            PROBA-V
                        
",820,1,2013,2021,ESA,ESA,N/A,LEO,361
"

                            Quickbird
                        
",450,,2001,2015,Maxar/DigitalGlobe - USA,Maxar/DigitalGlobe,USA,LEO,1
"

                            Quickbird
                        
",450,,2001,2015,Maxar/DigitalGlobe - USA,Maxar/DigitalGlobe,USA,LEO,361
"

                            QuikSCAT
                        
",803,,1999,2018,NASA - USA,NASA,USA,LEO,1
"

                            QuikSCAT
                        
",803,,1999,2018,NASA - USA,NASA,USA,LEO,361
"

                            RADARSAT Constellation Mission
                        
",600,12,2019,,CSA - Canadian Space Agency,CSA,Canadian Space Agency,LEO,1
"

                            RADARSAT Constellation Mission
                        
",600,12,2019,,CSA - Canadian Space Agency,CSA,Canadian Space Agency,LEO,361
"

                            RADARSAT-1
                        
",798,24,1995,2013,CSA - Canadian Space Agency,CSA,Canadian Space Agency,LEO,1
"

                            RADARSAT-1
                        
",798,24,1995,2013,CSA - Canadian Space Agency,CSA,Canadian Space Agency,LEO,361
"

                            RADARSAT-2
                        
",798,24,2007,,MDA - Canada,MDA,Canada,LEO,1
"

                            RADARSAT-2
                        
",798,24,2007,,MDA - Canada,MDA,Canada,LEO,361
"

                            RapidEye
                        
",630,,2008,2020,Planet - USA,Planet,USA,LEO,1
"

                            RapidEye
                        
",630,,2008,2020,Planet - USA,Planet,USA,LEO,361
"

                            RASAT
                        
",700,4,2011,,TUBITAK UZAY/STRI- Turkey,TUBITAK UZAY/STRI,Turkey,LEO,1
"

                            RASAT
                        
",700,4,2011,,TUBITAK UZAY/STRI- Turkey,TUBITAK UZAY/STRI,Turkey,LEO,361
"

                            RazakSAT
                        
",685,,2009,,ATSB - Malaysia,ATSB,Malaysia,LEO,1
"

                            RazakSAT
                        
",685,,2009,,ATSB - Malaysia,ATSB,Malaysia,LEO,361
"

                            RESOURCESAT-1 (IRS-P6)
                        
",817,24,2003,2013,ISRO - India,ISRO,India,LEO,1
"

                            RESOURCESAT-1 (IRS-P6)
                        
",817,24,2003,2013,ISRO - India,ISRO,India,LEO,361
"

                            RESOURCESAT-2
                        
",817,24,2011,,ISRO - India,ISRO,India,LEO,1
"

                            RESOURCESAT-2
                        
",817,24,2011,,ISRO - India,ISRO,India,LEO,361
"

                            RESOURCESAT-2A
                        
",817,24,2016,,ISRO - India,ISRO,India,LEO,1
"

                            RESOURCESAT-2A
                        
",817,24,2016,,ISRO - India,ISRO,India,LEO,361
"

                            Resurs DK1
                        
",480,,2006,2016,ROSCOSMOS - Russia,ROSCOSMOS,Russia,LEO,1
"

                            Resurs DK1
                        
",480,,2006,2016,ROSCOSMOS - Russia,ROSCOSMOS,Russia,LEO,361
"

                            RESURS-O-1
                        
",835,,1998,,ROSCOSMOS - Russia,ROSCOSMOS,Russia,LEO,1
"

                            RESURS-O-1
                        
",835,,1998,,ROSCOSMOS - Russia,ROSCOSMOS,Russia,LEO,361
"

                            RESURS-O1-3
                        
",678,21,1994,,ROSCOSMOS - Russia,ROSCOSMOS,Russia,LEO,1
"

                            RESURS-O1-3
                        
",678,21,1994,,ROSCOSMOS - Russia,ROSCOSMOS,Russia,LEO,361
"

                            RISAT-1
                        
",536,25,2012,2017,ISRO - India,ISRO,India,LEO,1
"

                            RISAT-1
                        
",536,25,2012,2017,ISRO - India,ISRO,India,LEO,361
"

                            RISAT-2
                        
",550,,2009,,ISRO - India,ISRO,India,LEO,1
"

                            RISAT-2
                        
",550,,2009,,ISRO - India,ISRO,India,LEO,361
"

                            RISAT-2B
                        
",440,,2019,,ISRO - India,ISRO,India,LEO,1
"

                            RISAT-2B
                        
",440,,2019,,ISRO - India,ISRO,India,LEO,361
"

                            SAC-C
                        
",705,16,2000,2013,CONAE - Argentina,CONAE,Argentina,LEO,1
"

                            SAC-C
                        
",705,16,2000,2013,CONAE - Argentina,CONAE,Argentina,LEO,361
"

                            SAC-D (Aquarius)
                        
",657,,2011,2015,NASA - USA,NASA,USA,LEO,1
"

                            SAC-D (Aquarius)
                        
",657,,2011,2015,NASA - USA,NASA,USA,LEO,361
"

                            SAOCOM-1A
                        
",620,8,2018,,CONAE - Argentina,CONAE,Argentina,LEO,1
"

                            SAOCOM-1A
                        
",620,8,2018,,CONAE - Argentina,CONAE,Argentina,LEO,361
"

                            SAOCOM-1B
                        
",620,8,2020,,CONAE - Argentina,CONAE,Argentina,LEO,1
"

                            SAOCOM-1B
                        
",620,8,2020,,CONAE - Argentina,CONAE,Argentina,LEO,361
"

                            SAR-XL (OptiSAR)
                        
", ,,2023,,UrtheCast - Canada,UrtheCast,Canada,,1
"

                            SAR-XL (OptiSAR)
                        
", ,,2023,,UrtheCast - Canada,UrtheCast,Canada,,361
"

                            SARAL/AltiKa
                        
",800,35,2013,,CNES - France,CNES,France,LEO,1
"

                            SARAL/AltiKa
                        
",800,35,2013,,CNES - France,CNES,France,LEO,361
"

                            ScatSat-1
                        
",720,,2016,,ISRO - India,ISRO,India,LEO,1
"

                            ScatSat-1
                        
",720,,2016,,ISRO - India,ISRO,India,LEO,361
"

                            SCISAT
                        
",650,,2003,,CSA - Canadian Space Agency,CSA,Canadian Space Agency,LEO,1
"

                            SCISAT
                        
",650,,2003,,CSA - Canadian Space Agency,CSA,Canadian Space Agency,LEO,361
"

                            Seasat
                        
",800,,1978,1978,NASA - USA,NASA,USA,LEO,1
"

                            Seasat
                        
",800,,1978,1978,NASA - USA,NASA,USA,LEO,361
"

                            Sentinel-1A
                        
",693,6,2014,,ESA,ESA,N/A,LEO,1
"

                            Sentinel-1A
                        
",693,6,2014,,ESA,ESA,N/A,LEO,361
"

                            Sentinel-1B
                        
",693,6,2016,,ESA,ESA,N/A,LEO,1
"

                            Sentinel-1B
                        
",693,6,2016,,ESA,ESA,N/A,LEO,361
"

                            Sentinel-1C
                        
",693,,2022,,ESA,ESA,N/A,LEO,1
"

                            Sentinel-1C
                        
",693,,2022,,ESA,ESA,N/A,LEO,361
"

                            Sentinel-1D
                        
",693,,2023,,ESA,ESA,N/A,LEO,1
"

                            Sentinel-1D
                        
",693,,2023,,ESA,ESA,N/A,LEO,361
"

                            Sentinel-2A
                        
",786,5,2015,,ESA,ESA,N/A,LEO,1
"

                            Sentinel-2A
                        
",786,5,2015,,ESA,ESA,N/A,LEO,361
"

                            Sentinel-2B
                        
",786,5,2017,,ESA,ESA,N/A,LEO,1
"

                            Sentinel-2B
                        
",786,5,2017,,ESA,ESA,N/A,LEO,361
"

                            Sentinel-2C
                        
",786,,2024,,ESA,ESA,N/A,LEO,1
"

                            Sentinel-2C
                        
",786,,2024,,ESA,ESA,N/A,LEO,361
"

                            Sentinel-2D
                        
",786,,2025,,ESA,ESA,N/A,LEO,1
"

                            Sentinel-2D
                        
",786,,2025,,ESA,ESA,N/A,LEO,361
"

                            Sentinel-3A
                        
",814,27,2016,,ESA,ESA,N/A,LEO,1
"

                            Sentinel-3A
                        
",814,27,2016,,ESA,ESA,N/A,LEO,361
"

                            Sentinel-3B
                        
",814,,2018,,ESA,ESA,N/A,LEO,1
"

                            Sentinel-3B
                        
",814,,2018,,ESA,ESA,N/A,LEO,361
"

                            Sentinel-3C
                        
",814,,2023,,ESA,ESA,N/A,LEO,1
"

                            Sentinel-3C
                        
",814,,2023,,ESA,ESA,N/A,LEO,361
"

                            Sentinel-3D
                        
",814,,2025,,ESA,ESA,N/A,LEO,1
"

                            Sentinel-3D
                        
",814,,2025,,ESA,ESA,N/A,LEO,361
"

                            Sentinel-5P
                        
",824,17,2017,,ESA,ESA,N/A,LEO,1
"

                            Sentinel-5P
                        
",824,17,2017,,ESA,ESA,N/A,LEO,361
"

                            Sentinel-6A/Jason-CS-A
                        
",1336,10,2020,,EUMETSAT,EUMETSAT,IGO,LEO,1
"

                            Sentinel-6A/Jason-CS-A
                        
",1336,10,2020,,EUMETSAT,EUMETSAT,IGO,LEO,361
"

                            Sentinel-6B/Jason-CS-B
                        
",1336,10,2026,,EUMETSAT,EUMETSAT,IGO,LEO,1
"

                            Sentinel-6B/Jason-CS-B
                        
",1336,10,2026,,EUMETSAT,EUMETSAT,IGO,LEO,361
"

                            SICH - 1M
                        
", ,,2004,2007,NSAU - Ukraine,NSAU,Ukraine,,1
"

                            SICH - 1M
                        
", ,,2004,2007,NSAU - Ukraine,NSAU,Ukraine,,361
"

                            SkySat 14-15
                        
",505,,2018,,Planet - USA,Planet,USA,LEO,1
"

                            SkySat 14-15
                        
",505,,2018,,Planet - USA,Planet,USA,LEO,361
"

                            SkySat-1
                        
",578,,2013,,Planet - USA,Planet,USA,LEO,1
"

                            SkySat-1
                        
",578,,2013,,Planet - USA,Planet,USA,LEO,361
"

                            SkySat-2
                        
",637,,2014,,Planet - USA,Planet,USA,LEO,1
"

                            SkySat-2
                        
",637,,2014,,Planet - USA,Planet,USA,LEO,361
"

                            SkySat-3
                        
",515,,2016,,Planet - USA,Planet,USA,LEO,1
"

                            SkySat-3
                        
",515,,2016,,Planet - USA,Planet,USA,LEO,361
"

                            SkySat-4-7
                        
",500,,2016,,Planet - USA,Planet,USA,LEO,1
"

                            SkySat-4-7
                        
",500,,2016,,Planet - USA,Planet,USA,LEO,361
"

                            SkySat-8-13
                        
",500,,2017,,Planet - USA,Planet,USA,LEO,1
"

                            SkySat-8-13
                        
",500,,2017,,Planet - USA,Planet,USA,LEO,361
"

                            SMAP
                        
",685,3,2015,,NASA - USA,NASA,USA,LEO,1
"

                            SMAP
                        
",685,3,2015,,NASA - USA,NASA,USA,LEO,361
"

                            SMOS
                        
",758,3,2009,,ESA,ESA,N/A,LEO,1
"

                            SMOS
                        
",758,3,2009,,ESA,ESA,N/A,LEO,361
"

                            SORCE
                        
",645,1,2003,2020,NASA - USA,NASA,USA,LEO,1
"

                            SORCE
                        
",645,1,2003,2020,NASA - USA,NASA,USA,LEO,361
"

                            SPOT 1
                        
",832,26,1986,2003,CNES - France,CNES,France,LEO,1
"

                            SPOT 1
                        
",832,26,1986,2003,CNES - France,CNES,France,LEO,361
"

                            SPOT 2
                        
",832,26,1990,2009,CNES - France,CNES,France,LEO,1
"

                            SPOT 2
                        
",832,26,1990,2009,CNES - France,CNES,France,LEO,361
"

                            SPOT 3
                        
",832,26,1993,1996,CNES - France,CNES,France,LEO,1
"

                            SPOT 3
                        
",832,26,1993,1996,CNES - France,CNES,France,LEO,361
"

                            SPOT 4
                        
",832,26,1998,2013,CNES - France,CNES,France,LEO,1
"

                            SPOT 4
                        
",832,26,1998,2013,CNES - France,CNES,France,LEO,361
"

                            SPOT 5
                        
",832,26,2002,2015,CNES - France,CNES,France,LEO,1
"

                            SPOT 5
                        
",832,26,2002,2015,CNES - France,CNES,France,LEO,361
"

                            SPOT 6
                        
",694,26,2012,,Airbus Defence and Space,Airbus Defence and Space,N/A,LEO,1
"

                            SPOT 6
                        
",694,26,2012,,Airbus Defence and Space,Airbus Defence and Space,N/A,LEO,361
"

                            SPOT 7
                        
",694,26,2014,,Airbus Defence and Space,Airbus Defence and Space,N/A,LEO,1
"

                            SPOT 7
                        
",694,26,2014,,Airbus Defence and Space,Airbus Defence and Space,N/A,LEO,361
"

                            SRTM
                        
",233,,2000,2000,NASA - USA,NASA,USA,LEO,1
"

                            SRTM
                        
",233,,2000,2000,NASA - USA,NASA,USA,LEO,361
"

                            SSOT
                        
", ,,2011,,Airbus Defence and Space,Airbus Defence and Space,N/A,,1
"

                            SSOT
                        
", ,,2011,,Airbus Defence and Space,Airbus Defence and Space,N/A,,361
"

                            Suomi NPP
                        
",824,16,2011,,NOAA,NOAA,USA,LEO,1
"

                            Suomi NPP
                        
",824,16,2011,,NOAA,NOAA,USA,LEO,361
"

                            SWARM
                        
",530,,2013,,ESA,ESA,N/A,LEO,1
"

                            SWARM
                        
",530,,2013,,ESA,ESA,N/A,LEO,361
"

                            SWOT
                        
",891,21,2022,,NASA - USA,NASA,USA,LEO,1
"

                            SWOT
                        
",891,21,2022,,NASA - USA,NASA,USA,LEO,361
"

                            Tandem-L
                        
",760,8,2024,,DLR - Germany,DLR,Germany,LEO,1
"

                            Tandem-L
                        
",760,8,2024,,DLR - Germany,DLR,Germany,LEO,361
"

                            TanDEM-X
                        
",515,11,2010,,DLR - Germany,DLR,Germany,LEO,1
"

                            TanDEM-X
                        
",515,11,2010,,DLR - Germany,DLR,Germany,LEO,361
"

                            TARANIS
                        
",676,,2020,2020,CNES - France,CNES,France,LEO,1
"

                            TARANIS
                        
",676,,2020,2020,CNES - France,CNES,France,LEO,361
"

                            TecSAR
                        
",800,36,2008,,IAI - Israel,IAI,Israel,LEO,1
"

                            TecSAR
                        
",800,36,2008,,IAI - Israel,IAI,Israel,LEO,361
"

                            TEMPO
                        
",35786,,2022,,NASA - USA,NASA,USA,GEO,1
"

                            TEMPO
                        
",35786,,2022,,NASA - USA,NASA,USA,GEO,361
"

                            Terra
                        
",705,16,1999,,NASA - USA,NASA,USA,LEO,1
"

                            Terra
                        
",705,16,1999,,NASA - USA,NASA,USA,LEO,361
"

                            TerraSAR-X
                        
",514,11,2007,,DLR - Germany,DLR,Germany,LEO,1
"

                            TerraSAR-X
                        
",514,11,2007,,DLR - Germany,DLR,Germany,LEO,361
"

                            THEOS (Thaichote)
                        
",822,,2008,,GISTDA - Thailand,GISTDA,Thailand,LEO,1
"

                            THEOS (Thaichote)
                        
",822,,2008,,GISTDA - Thailand,GISTDA,Thailand,LEO,361
"

                            TIMED
                        
",625,,2001,,NASA - USA,NASA,USA,LEO,1
"

                            TIMED
                        
",625,,2001,,NASA - USA,NASA,USA,LEO,361
"

                            TOPEX/Poseidon
                        
",1336,10,1992,2005,NASA - USA,NASA,USA,LEO,1
"

                            TOPEX/Poseidon
                        
",1336,10,1992,2005,NASA - USA,NASA,USA,LEO,361
"

                            TopSat
                        
",686,4,2005,2009,UK Space Agency,UK Space Agency,UK,LEO,1
"

                            TopSat
                        
",686,4,2005,2009,UK Space Agency,UK Space Agency,UK,LEO,361
"

                            TRMM
                        
",350,,1997,2015,NASA - USA,NASA,USA,LEO,1
"

                            TRMM
                        
",350,,1997,2015,NASA - USA,NASA,USA,LEO,361
"

                            UARS
                        
",470,,1991,2005,NASA - USA,NASA,USA,LEO,1
"

                            UARS
                        
",470,,1991,2005,NASA - USA,NASA,USA,LEO,361
"

                            UK-DMC-1
                        
",686,,2003,2011,UK Space Agency,UK Space Agency,UK,LEO,1
"

                            UK-DMC-1
                        
",686,,2003,2011,UK Space Agency,UK Space Agency,UK,LEO,361
"

                            UK-DMC-2
                        
",686,,2009,,SSTL - UK,SSTL,UK,LEO,1
"

                            UK-DMC-2
                        
",686,,2009,,SSTL - UK,SSTL,UK,LEO,361
"

                            UrtheDaily
                        
", ,,2023,,UrtheCast - Canada,UrtheCast,Canada,,1
"

                            UrtheDaily
                        
", ,,2023,,UrtheCast - Canada,UrtheCast,Canada,,361
"

                            VENUS
                        
",720,2,2017,,CNES - France,CNES,France,LEO,1
"

                            VENUS
                        
",720,2,2017,,CNES - France,CNES,France,LEO,361
"

                            Vision-1 (SSTL - S1-4)
                        
",583,1,2018,,Airbus Defence and Space,Airbus Defence and Space,N/A,LEO,1
"

                            Vision-1 (SSTL - S1-4)
                        
",583,1,2018,,Airbus Defence and Space,Airbus Defence and Space,N/A,LEO,361
"

                            Vivid-i Constellation
                        
",500,,2023,,earth-i,earth-i,N/A,LEO,1
"

                            Vivid-i Constellation
                        
",500,,2023,,earth-i,earth-i,N/A,LEO,361
"

                            VividX2
                        
",505,,2018,,earth-i,earth-i,N/A,LEO,1
"

                            VividX2
                        
",505,,2018,,earth-i,earth-i,N/A,LEO,361
"

                            VNREDSat-1A
                        
",680,,2013,,Airbus Defence and Space,Airbus Defence and Space,N/A,LEO,1
"

                            VNREDSat-1A
                        
",680,,2013,,Airbus Defence and Space,Airbus Defence and Space,N/A,LEO,361
"

                            Vulkan-Kompas-2
                        
",500,,2005,2006,ROSCOSMOS - Russia,ROSCOSMOS,Russia,LEO,1
"

                            Vulkan-Kompas-2
                        
",500,,2005,2006,ROSCOSMOS - Russia,ROSCOSMOS,Russia,LEO,361
"

                            WorldView-1
                        
",496,,2007,,Maxar/DigitalGlobe - USA,Maxar/DigitalGlobe,USA,LEO,1
"

                            WorldView-1
                        
",496,,2007,,Maxar/DigitalGlobe - USA,Maxar/DigitalGlobe,USA,LEO,361
"

                            WorldView-2
                        
",770,,2009,,Maxar/DigitalGlobe - USA,Maxar/DigitalGlobe,USA,LEO,1
"

                            WorldView-2
                        
",770,,2009,,Maxar/DigitalGlobe - USA,Maxar/DigitalGlobe,USA,LEO,361
"

                            WorldView-3
                        
",617,1,2014,,Maxar/DigitalGlobe - USA,Maxar/DigitalGlobe,USA,LEO,1
"

                            WorldView-3
                        
",617,1,2014,,Maxar/DigitalGlobe - USA,Maxar/DigitalGlobe,USA,LEO,361
"

                            WorldView-4
                        
",617,1,2016,2019,Maxar/DigitalGlobe - USA,Maxar/DigitalGlobe,USA,LEO,1
"

                            WorldView-4
                        
",617,1,2016,2019,Maxar/DigitalGlobe - USA,Maxar/DigitalGlobe,USA,LEO,361
"

                            WorldView-Legion
                        
",450,,2022,,Maxar/DigitalGlobe - USA,Maxar/DigitalGlobe,USA,LEO,1
"

                            WorldView-Legion
                        
",450,,2022,,Maxar/DigitalGlobe - USA,Maxar/DigitalGlobe,USA,LEO,361
"

                            YaoGan - 5
                        
", ,,2008,,CAST - China,CAST,China,,1
"

                            YaoGan - 5
                        
", ,,2008,,CAST - China,CAST,China,,361
